{"skeleton":{"hash":"ZwhB+BrqJDtqwqX9/1+9neeybug","spine":"2.1.27","width":161.88,"height":129.6},"bones":[{"name":"root"}],"slots":[{"name":"blood","bone":"root","attachment":"blood"},{"name":"xuepaopao0001","bone":"root","attachment":"xuepaopao0001"}],"skins":{"default":{"blood":{"blood":{"type":"mesh","uvs":[1,1,0,1,0,0,1,0],"triangles":[1,2,3,1,3,0],"vertices":[73.12999,-52.23,-73.12999,-52.23,-73.12999,52.23,73.12999,52.23],"hull":4}},"xuepaopao0001":{"xuepaopao0001":{"x":-4.45,"y":15.09,"scaleX":1.245,"scaleY":1.245,"width":130,"height":100},"xuepaopao0002":{"x":-4.45,"y":15.09,"scaleX":1.245,"scaleY":1.245,"width":130,"height":100},"xuepaopao0003":{"x":-4.45,"y":15.09,"scaleX":1.245,"scaleY":1.245,"width":130,"height":100},"xuepaopao0004":{"x":-4.45,"y":15.09,"scaleX":1.245,"scaleY":1.245,"width":130,"height":100},"xuepaopao0005":{"x":-4.45,"y":15.09,"scaleX":1.245,"scaleY":1.245,"width":130,"height":100},"xuepaopao0006":{"x":-4.45,"y":15.09,"scaleX":1.245,"scaleY":1.245,"width":130,"height":100},"xuepaopao0007":{"x":-4.45,"y":15.09,"scaleX":1.245,"scaleY":1.245,"width":130,"height":100},"xuepaopao0008":{"x":-4.45,"y":15.09,"scaleX":1.245,"scaleY":1.245,"width":130,"height":100},"xuepaopao0009":{"x":-4.45,"y":15.09,"scaleX":1.245,"scaleY":1.245,"width":130,"height":100},"xuepaopao0010":{"x":-4.45,"y":15.09,"scaleX":1.245,"scaleY":1.245,"width":130,"height":100},"xuepaopao0011":{"x":-4.45,"y":15.09,"scaleX":1.245,"scaleY":1.245,"width":130,"height":100},"xuepaopao0012":{"x":-4.45,"y":15.09,"scaleX":1.245,"scaleY":1.245,"width":130,"height":100},"xuepaopao0013":{"x":-4.45,"y":15.09,"scaleX":1.245,"scaleY":1.245,"width":130,"height":100},"xuepaopao0014":{"x":-4.45,"y":15.09,"scaleX":1.245,"scaleY":1.245,"width":130,"height":100},"xuepaopao0015":{"x":-4.45,"y":15.09,"scaleX":1.245,"scaleY":1.245,"width":130,"height":100},"xuepaopao0016":{"x":-4.45,"y":15.09,"scaleX":1.245,"scaleY":1.245,"width":130,"height":100},"xuepaopao0017":{"x":-4.45,"y":15.09,"scaleX":1.245,"scaleY":1.245,"width":130,"height":100},"xuepaopao0018":{"x":-4.45,"y":15.09,"scaleX":1.245,"scaleY":1.245,"width":130,"height":100},"xuepaopao0019":{"x":-4.45,"y":15.09,"scaleX":1.245,"scaleY":1.245,"width":130,"height":100},"xuepaopao0020":{"x":-4.45,"y":15.09,"scaleX":1.245,"scaleY":1.245,"width":130,"height":100},"xuepaopao0021":{"x":-4.45,"y":15.09,"scaleX":1.245,"scaleY":1.245,"width":130,"height":100},"xuepaopao0022":{"x":-4.45,"y":15.09,"scaleX":1.245,"scaleY":1.245,"width":130,"height":100},"xuepaopao0023":{"x":-4.45,"y":15.09,"scaleX":1.245,"scaleY":1.245,"width":130,"height":100},"xuepaopao0024":{"x":-4.45,"y":15.09,"scaleX":1.245,"scaleY":1.245,"width":130,"height":100}}}},"animations":{"mv":{"slots":{"blood":{"attachment":[{"time":0,"name":"blood"},{"time":1.5333,"name":"blood"}]},"xuepaopao0001":{"attachment":[{"time":0,"name":"xuepaopao0001"},{"time":0.0666,"name":"xuepaopao0002"},{"time":0.1333,"name":"xuepaopao0003"},{"time":0.2,"name":"xuepaopao0004"},{"time":0.2666,"name":"xuepaopao0005"},{"time":0.3333,"name":"xuepaopao0006"},{"time":0.4,"name":"xuepaopao0007"},{"time":0.4666,"name":"xuepaopao0008"},{"time":0.5333,"name":"xuepaopao0009"},{"time":0.6,"name":"xuepaopao0010"},{"time":0.6666,"name":"xuepaopao0011"},{"time":0.7333,"name":"xuepaopao0012"},{"time":0.8,"name":"xuepaopao0013"},{"time":0.8666,"name":"xuepaopao0014"},{"time":0.9333,"name":"xuepaopao0015"},{"time":1,"name":"xuepaopao0016"},{"time":1.0666,"name":"xuepaopao0017"},{"time":1.1333,"name":"xuepaopao0018"},{"time":1.2,"name":"xuepaopao0019"},{"time":1.2666,"name":"xuepaopao0020"},{"time":1.3333,"name":"xuepaopao0021"},{"time":1.4,"name":"xuepaopao0022"},{"time":1.4666,"name":"xuepaopao0023"},{"time":1.5333,"name":"xuepaopao0024"}]}},"bones":{"root":{"rotate":[{"time":0,"angle":0,"curve":"stepped"},{"time":1.5333,"angle":0}],"translate":[{"time":0,"x":0,"y":0,"curve":"stepped"},{"time":1.5333,"x":0,"y":0}],"scale":[{"time":0,"x":1,"y":1,"curve":"stepped"},{"time":1.5333,"x":1,"y":1}]}},"ffd":{"default":{"blood":{"blood":[{"time":0},{"time":0.7666,"vertices":[0.81709,-0.58364,-0.81709,-0.58364,-0.81709,0.58364,0.81709,0.58364]},{"time":1.5333}]}}}}}}